"App ID","Portal ID","Request Execution Timestamp","Request Method","Response Status Code","ID","Api Category","Path","Duration","Response Received Timestamp","Error Type","Request Source","Traceparent ID","IP Address"
"23522242","242535417","2025-11-06T21:36:26.157Z","GET","200","78e254b4-d4be-4380-bb20-f07c20fe00af","NO_CATEGORY","/crm/associations/v4/2-175854274/0-2/labels","","","","API","",""
"23522242","242535417","2025-11-06T21:36:25.912Z","POST","201","7a3d06e0-304f-4a47-a02e-4cdba3a05147","NO_CATEGORY","/crm/objects/v3/2-175854274","","","","API","",""
"23522242","242535417","2025-11-06T21:36:25.030Z","GET","200","9e2b26ec-cb95-45af-8a62-003b23d5b965","NO_CATEGORY","/crm/objects/v3/companies","","","","API","",""
"23522242","242535417","2025-11-06T21:36:24.916Z","GET","200","1678fcbb-82ce-4b0f-b970-48ad0a9e7a66","NO_CATEGORY","/crm/associations/v4/2-175854274/0-2/labels","","","","API","",""
"23522242","242535417","2025-11-06T21:36:24.816Z","GET","200","dad6bce4-3694-45b3-8266-ed8ba2f2f7a4","NO_CATEGORY","/crm/objects/v3/companies","","","","API","",""
"23522242","242535417","2025-11-06T21:36:24.576Z","GET","200","979bbc74-3f41-4c18-a439-e35493dcb128","NO_CATEGORY","/crm/objects/v3/companies","","","","API","",""
"23522242","242535417","2025-11-06T21:36:24.557Z","POST","201","3fe66bd6-5fc7-4b61-935b-2901ce8e1b36","NO_CATEGORY","/crm/objects/v3/2-175854274","","","","API","",""
"23522242","242535417","2025-11-06T21:36:24.343Z","GET","200","4f8caab8-33c2-423e-a747-65b2d168ec44","NO_CATEGORY","/crm/objects/v3/companies","","","","API","",""
"23522242","242535417","2025-11-06T21:36:24.106Z","GET","200","28a12b7c-69e4-4b81-85ea-fe6f01b81c90","NO_CATEGORY","/crm/objects/v3/companies","","","","API","",""
"23522242","242535417","2025-11-06T21:36:23.847Z","GET","200","2f635903-7f5a-4f58-93c7-b7555933219c","NO_CATEGORY","/crm/objects/v3/companies","","","","API","",""
"23522242","242535417","2025-11-06T21:36:23.613Z","GET","200","998a5373-bcdb-4fa2-8a0c-85d0e157f53a","NO_CATEGORY","/crm/objects/v3/companies","","","","API","",""
"23522242","242535417","2025-11-06T21:36:23.367Z","GET","200","39923284-2b3a-4704-8253-32ef01c2653a","NO_CATEGORY","/crm/objects/v3/companies","","","","API","",""
"23522242","242535417","2025-11-06T21:36:23.112Z","GET","200","670b4b3f-023a-4e51-bbe0-86b0b8b216da","NO_CATEGORY","/crm/objects/v3/companies","","","","API","",""
"23522242","242535417","2025-11-06T21:36:22.874Z","GET","200","5cdb57d0-a51a-4799-ab87-41205d687976","NO_CATEGORY","/crm/objects/v3/companies","","","","API","",""
"23522242","242535417","2025-11-06T21:36:22.652Z","GET","200","e48ab77e-69dd-4d3e-b789-a99ad4958e34","NO_CATEGORY","/crm/objects/v3/companies","","","","API","",""
"23522242","242535417","2025-11-06T21:36:22.408Z","GET","200","ac9abe6f-b4a9-4bf2-8f4c-ce1ba326c634","NO_CATEGORY","/crm/objects/v3/companies","","","","API","",""
"23522242","242535417","2025-11-06T21:36:22.170Z","GET","200","4a776598-ee55-42cb-b4b5-c83f0376322b","NO_CATEGORY","/crm/objects/v3/companies","","","","API","",""
"23522242","242535417","2025-11-06T21:36:21.896Z","GET","200","75b8951f-9124-4057-ad25-6b20af480254","NO_CATEGORY","/crm/objects/v3/companies","","","","API","",""
"23522242","242535417","2025-11-06T21:36:21.621Z","GET","200","7d21292e-482d-4ed9-a33e-32332f3effd3","NO_CATEGORY","/crm/objects/v3/companies","","","","API","",""
"23522242","242535417","2025-11-06T21:36:21.364Z","GET","200","8e3b8b1d-ecbc-4933-aa95-54c161a6f9f2","NO_CATEGORY","/crm/objects/v3/companies","","","","API","",""
"23522242","242535417","2025-11-06T21:36:21.069Z","GET","200","5107bda6-4749-40b8-b5a7-af3cc6306d42","NO_CATEGORY","/crm/objects/v3/companies","","","","API","",""
"23522242","242535417","2025-11-06T21:36:20.802Z","GET","200","c9973981-3182-4a3d-9d2b-c0411b553bff","NO_CATEGORY","/crm/objects/v3/companies","","","","API","",""
"23522242","242535417","2025-11-06T21:34:10.769Z","GET","200","bb6cfc4b-609e-4a1f-ab90-1794d98540ce","NO_CATEGORY","/crm/objects/v3/2-175854274/200771364594/associations/companies","","","","API","",""
"23522242","242535417","2025-11-06T21:34:10.550Z","POST","200","3cf1bbbb-7ed9-4305-9ec5-d5f32efe0476","NO_CATEGORY","/crm/v3/associations/2-175854274/companies/batch/create","","","","API","",""
"23522242","242535417","2025-11-06T21:34:10.335Z","POST","201","41472918-cc5b-4df7-8b3d-37749d991bed","NO_CATEGORY","/crm/objects/v3/2-175854274","","","","API","",""
"23522242","242535417","2025-11-06T21:34:09.688Z","GET","200","7dfc88f8-0e0f-4a3a-8f0c-d32bfcec272f","NO_CATEGORY","/crm/objects/v3/2-175854274/200596195065/associations/companies","","","","API","",""
"23522242","242535417","2025-11-06T21:34:09.464Z","POST","200","18a0186e-74a9-4f08-b14b-fa4404ff8039","NO_CATEGORY","/crm/v3/associations/2-175854274/companies/batch/create","","","","API","",""
"23522242","242535417","2025-11-06T21:34:09.232Z","POST","200","e12355a6-cd28-424a-acb9-337e69a784c6","NO_CATEGORY","/crm/objects/v3/2-175854274","","","","API","",""
"23522242","242535417","2025-11-06T21:33:25.779Z","GET","200","1a8d4109-b8c7-4355-abad-4366898921db","NO_CATEGORY","/crm/objects/v3/companies","","","","API","",""
"23522242","242535417","2025-11-06T21:33:25.551Z","GET","200","136b0726-635b-46ac-8c34-e257ec8b9cd5","NO_CATEGORY","/crm/objects/v3/companies","","","","API","",""
"23522242","242535417","2025-11-06T21:33:25.302Z","GET","200","044ff06c-6682-413b-a6ca-6cdf487a6283","NO_CATEGORY","/crm/objects/v3/companies","","","","API","",""
"23522242","242535417","2025-11-06T21:33:25.039Z","GET","200","061759f8-c8a4-4e12-a366-a6fcc2a63090","NO_CATEGORY","/crm/objects/v3/companies","","","","API","",""
"23522242","242535417","2025-11-06T21:33:24.742Z","GET","200","a33ba1de-83d8-4c55-a8f8-3219e0389ef0","NO_CATEGORY","/crm/objects/v3/companies","","","","API","",""
"23522242","242535417","2025-11-06T21:33:24.460Z","GET","200","192b8d99-62aa-4241-bf9e-02de76d83748","NO_CATEGORY","/crm/objects/v3/companies","","","","API","",""
"23522242","242535417","2025-11-06T21:33:24.064Z","GET","200","7b12285f-aebe-405b-97ba-d3f4c68b61e4","NO_CATEGORY","/crm/objects/v3/companies","","","","API","",""
"23522242","242535417","2025-11-06T21:33:23.810Z","GET","200","b051e71d-db6b-434b-beb8-ec0b526eecfe","NO_CATEGORY","/crm/objects/v3/companies","","","","API","",""
"23522242","242535417","2025-11-06T21:33:23.515Z","GET","200","118b4e18-47f7-4edc-997f-2c33ece20310","NO_CATEGORY","/crm/objects/v3/companies","","","","API","",""
"23522242","242535417","2025-11-06T21:33:23.219Z","GET","200","7b2927bb-1fa9-4f01-b4f6-ecc0b6cfd30f","NO_CATEGORY","/crm/objects/v3/companies","","","","API","",""
"23522242","242535417","2025-11-06T21:33:22.954Z","GET","200","046d665b-a8e0-4b91-9974-dc99519cea44","NO_CATEGORY","/crm/objects/v3/companies","","","","API","",""
"23522242","242535417","2025-11-06T21:33:22.704Z","GET","200","2049b4a7-47db-4c44-a277-3f8ad0f48c79","NO_CATEGORY","/crm/objects/v3/companies","","","","API","",""
"23522242","242535417","2025-11-06T21:33:22.433Z","GET","200","6fb8eeeb-d223-431c-904d-aff307accb83","NO_CATEGORY","/crm/objects/v3/companies","","","","API","",""
"23522242","242535417","2025-11-06T21:33:22.113Z","GET","200","fa30c71c-6ddd-4d6b-809e-ac6e8108564f","NO_CATEGORY","/crm/objects/v3/companies","","","","API","",""
"23522242","242535417","2025-11-06T21:33:21.854Z","GET","200","a5a4d8a1-c1ff-43e5-8f20-069cea8e0ea3","NO_CATEGORY","/crm/objects/v3/companies","","","","API","",""
"23522242","242535417","2025-11-06T21:33:21.597Z","GET","200","cb6551f5-5ce6-454b-80fe-77cc3b595a3d","NO_CATEGORY","/crm/objects/v3/companies","","","","API","",""
"23522242","242535417","2025-11-06T21:33:21.355Z","GET","200","d6e71811-dd83-4d18-9f62-8a3d79ea1ac1","NO_CATEGORY","/crm/objects/v3/companies","","","","API","",""
"23522242","242535417","2025-11-06T21:33:21.096Z","GET","200","e6a173f6-e477-4352-bf47-b124e67a419e","NO_CATEGORY","/crm/objects/v3/companies","","","","API","",""
"23522242","242535417","2025-11-06T21:31:24.413Z","POST","200","f56c89e3-adf4-4071-aacd-09d70ffcff93","NO_CATEGORY","/crm/v3/associations/2-175854274/companies/batch/create","","","","API","",""
"23522242","242535417","2025-11-06T21:31:24.180Z","POST","200","0723f5b1-4b7e-4f08-8a1a-9dc9060b66a0","NO_CATEGORY","/crm/objects/v3/2-175854274","","","","API","",""
"23522242","242535417","2025-11-06T21:31:23.387Z","GET","200","0d8f1d9c-23b9-4eb9-8fdb-2e252e1f5cc4","NO_CATEGORY","/crm/objects/v3/companies","","","","API","",""
"23522242","242535417","2025-11-06T21:31:23.167Z","GET","200","32ae97f1-10e4-437b-b2fa-90ae2aa4de5b","NO_CATEGORY","/crm/objects/v3/companies","","","","API","",""
"23522242","242535417","2025-11-06T21:31:22.939Z","GET","200","d9f0b421-b1b4-43e3-b039-7f32f3c58871","NO_CATEGORY","/crm/objects/v3/companies","","","","API","",""
"23522242","242535417","2025-11-06T21:31:22.678Z","GET","200","ca653b9b-f523-40ef-bb52-14ad6b0f54c2","NO_CATEGORY","/crm/objects/v3/companies","","","","API","",""
"23522242","242535417","2025-11-06T21:31:22.598Z","POST","207","60a3cf70-8bdd-4192-ad78-d0a311b001d3","NO_CATEGORY","/crm/v3/associations/2-175854274/companies/batch/create","","","","API","",""
"23522242","242535417","2025-11-06T21:31:22.429Z","GET","200","cf189fd8-cb2b-4e7f-a2d0-480d5a83f6ae","NO_CATEGORY","/crm/objects/v3/companies","","","","API","",""
"23522242","242535417","2025-11-06T21:31:22.361Z","POST","201","342cf181-8e66-476a-b00b-f532764d00d8","NO_CATEGORY","/crm/objects/v3/2-175854274","","","","API","",""
"23522242","242535417","2025-11-06T21:31:22.176Z","GET","200","a528ab43-9901-4b78-8243-17a7fee659b6","NO_CATEGORY","/crm/objects/v3/companies","","","","API","",""
"23522242","242535417","2025-11-06T21:31:21.922Z","GET","200","896626a8-aa9c-456e-86f0-f93201874aa4","NO_CATEGORY","/crm/objects/v3/companies","","","","API","",""
"23522242","242535417","2025-11-06T21:31:21.656Z","GET","200","252bed5b-66ca-47eb-b0bc-b714325b4c53","NO_CATEGORY","/crm/objects/v3/companies","","","","API","",""
"23522242","242535417","2025-11-06T21:31:21.390Z","GET","200","2697e43b-abbc-46d9-bc18-7f2e5f7b454c","NO_CATEGORY","/crm/objects/v3/companies","","","","API","",""
"23522242","242535417","2025-11-06T21:31:21.120Z","GET","200","00bb04f2-687e-4469-9a5e-ad6ad0771994","NO_CATEGORY","/crm/objects/v3/companies","","","","API","",""
"23522242","242535417","2025-11-06T21:31:20.876Z","GET","200","3243f1be-555a-49c2-a8aa-ce234033beee","NO_CATEGORY","/crm/objects/v3/companies","","","","API","",""
"23522242","242535417","2025-11-06T21:31:20.577Z","GET","200","f902204b-eb8a-49cc-9239-60989c7e9b65","NO_CATEGORY","/crm/objects/v3/companies","","","","API","",""
"23522242","242535417","2025-11-06T21:31:20.273Z","GET","200","5a7738cd-51aa-4905-b426-cca2177ed879","NO_CATEGORY","/crm/objects/v3/companies","","","","API","",""
"23522242","242535417","2025-11-06T21:31:20.007Z","GET","200","cacafeb2-7b57-4ee7-9cdf-65cadf6df75e","NO_CATEGORY","/crm/objects/v3/companies","","","","API","",""
"23522242","242535417","2025-11-06T21:31:19.745Z","GET","200","ed786aba-70dd-45eb-8c19-bd98ee254776","NO_CATEGORY","/crm/objects/v3/companies","","","","API","",""
"23522242","242535417","2025-11-06T21:31:19.494Z","GET","200","3fb34f45-5d8c-4788-b5bf-3e1466428bcf","NO_CATEGORY","/crm/objects/v3/companies","","","","API","",""
"23522242","242535417","2025-11-06T21:31:19.239Z","GET","200","41196c47-580d-416f-92b4-cd12f916563b","NO_CATEGORY","/crm/objects/v3/companies","","","","API","",""
"23522242","242535417","2025-11-06T21:31:18.970Z","GET","200","81c1eff6-50a4-4a4e-8a34-ae8cf6577b89","NO_CATEGORY","/crm/objects/v3/companies","","","","API","",""
"23522242","242535417","2025-11-06T21:29:46.901Z","POST","400","068eb7ae-c0c2-4c05-aea0-dcc18fa8d391","NO_CATEGORY","/crm/v3/associations/2-175854274/companies/batch/create","","","4XX","API","","34.83.14.38"
"23522242","242535417","2025-11-06T21:29:46.717Z","POST","200","cf38ea94-c6d2-40af-b8da-d4d034312fd1","NO_CATEGORY","/crm/objects/v3/2-175854274","","","","API","",""
"23522242","242535417","2025-11-06T21:29:45.255Z","GET","200","039e8643-7aed-4bf9-9eb9-a22b2612f1d9","NO_CATEGORY","/crm/objects/v3/companies","","","","API","",""
"23522242","242535417","2025-11-06T21:29:45.192Z","POST","400","c7a57383-3133-4f22-bde7-97e86e2cf5a5","NO_CATEGORY","/crm/v3/associations/2-175854274/companies/batch/create","","","4XX","API","","34.83.14.38"
"23522242","242535417","2025-11-06T21:29:45.028Z","GET","200","8304e3c8-40a1-4bdc-8271-1c858d511920","NO_CATEGORY","/crm/objects/v3/companies","","","","API","",""
"23522242","242535417","2025-11-06T21:29:44.997Z","POST","201","f56a2060-cc26-4298-8122-de8653d84011","NO_CATEGORY","/crm/objects/v3/2-175854274","","","","API","",""
"23522242","242535417","2025-11-06T21:29:44.785Z","GET","200","5ad4544c-ad60-4e33-984e-300b0e78aaaf","NO_CATEGORY","/crm/objects/v3/companies","","","","API","",""
"23522242","242535417","2025-11-06T21:29:44.562Z","GET","200","aee4526c-8d57-4a6a-924b-8cd438dc9ba7","NO_CATEGORY","/crm/objects/v3/companies","","","","API","",""
"23522242","242535417","2025-11-06T21:29:44.253Z","GET","200","bc707395-aeb6-41cc-99ea-e3a942af504b","NO_CATEGORY","/crm/objects/v3/companies","","","","API","",""
"23522242","242535417","2025-11-06T21:29:44.027Z","GET","200","3d6c514c-6532-4d27-bd35-cdd2542e672a","NO_CATEGORY","/crm/objects/v3/companies","","","","API","",""
"23522242","242535417","2025-11-06T21:29:43.796Z","GET","200","07a4f0a0-d97f-4620-abac-eb37aca5daae","NO_CATEGORY","/crm/objects/v3/companies","","","","API","",""
"23522242","242535417","2025-11-06T21:29:43.561Z","GET","200","3c7f0bab-4d0a-4ab6-b75e-432a6681d8e6","NO_CATEGORY","/crm/objects/v3/companies","","","","API","",""
"23522242","242535417","2025-11-06T21:29:43.320Z","GET","200","e7d90f36-3c63-4ae5-99e3-7d6befa5f209","NO_CATEGORY","/crm/objects/v3/companies","","","","API","",""
"23522242","242535417","2025-11-06T21:29:43.076Z","GET","200","c94feee8-44f1-466c-898b-be93b99a88bf","NO_CATEGORY","/crm/objects/v3/companies","","","","API","",""
"23522242","242535417","2025-11-06T21:29:42.837Z","GET","200","414cf8c3-0870-4b74-9d8a-8adc3bd24be9","NO_CATEGORY","/crm/objects/v3/companies","","","","API","",""
"23522242","242535417","2025-11-06T21:29:42.605Z","GET","200","46a7148d-9740-4ab7-9157-26df8414013c","NO_CATEGORY","/crm/objects/v3/companies","","","","API","",""
"23522242","242535417","2025-11-06T21:29:42.353Z","GET","200","c87aa49d-c623-413b-a43b-bef89c483a2a","NO_CATEGORY","/crm/objects/v3/companies","","","","API","",""
"23522242","242535417","2025-11-06T21:29:42.121Z","GET","200","05887fc9-e361-4622-816c-2f16e3e8a6ec","NO_CATEGORY","/crm/objects/v3/companies","","","","API","",""
"23522242","242535417","2025-11-06T21:29:41.851Z","GET","200","627e42ce-5141-47c0-8ce2-80a645874d5d","NO_CATEGORY","/crm/objects/v3/companies","","","","API","",""
"23522242","242535417","2025-11-06T21:29:41.573Z","GET","200","e859a667-4a10-40ad-83da-b4bc5e9883b3","NO_CATEGORY","/crm/objects/v3/companies","","","","API","",""
"23522242","242535417","2025-11-06T21:29:41.317Z","GET","200","cc9e338d-85f3-4467-9325-d782f3f83301","NO_CATEGORY","/crm/objects/v3/companies","","","","API","",""
"23522242","242535417","2025-11-06T21:29:41.069Z","GET","200","c04a655b-b616-4e4a-a5cc-966075125e38","NO_CATEGORY","/crm/objects/v3/companies","","","","API","",""
"23522242","242535417","2025-11-06T21:26:55.956Z","PUT","400","1553d750-0bdb-49b3-9c8b-056c6496981a","NO_CATEGORY","/crm/objects/v4/2-175854274/200421907136/associations/companies/209032347350","","","4XX","API","","34.83.14.38"
"23522242","242535417","2025-11-06T21:26:55.729Z","POST","201","0701308b-7046-4165-9c3e-b98ef91dd4bb","NO_CATEGORY","/crm/objects/v3/2-175854274","","","","API","",""
"23522242","242535417","2025-11-06T21:26:53.707Z","PUT","400","c5972877-72a5-4f5d-b7e4-2639163248b4","NO_CATEGORY","/crm/objects/v4/2-175854274/200456105687/associations/companies/demo-9","","","4XX","API","","34.83.14.38"
"23522242","242535417","2025-11-06T21:26:53.506Z","POST","201","61056891-1927-4132-85bc-26d0c9847f4c","NO_CATEGORY","/crm/objects/v3/2-175854274","","","","API","",""
"23522242","242535417","2025-11-06T21:26:33.174Z","GET","200","b029d1c4-375a-4ccd-aeab-f9844d1d69a7","NO_CATEGORY","/crm/objects/v3/companies","","","","API","",""
"23522242","242535417","2025-11-06T21:26:32.951Z","GET","200","0dd48e48-dbc9-4282-8578-8886742981e2","NO_CATEGORY","/crm/objects/v3/companies","","","","API","",""
"23522242","242535417","2025-11-06T21:26:32.712Z","GET","200","89747696-bf90-4e04-97de-54e7bd3d1acd","NO_CATEGORY","/crm/objects/v3/companies","","","","API","",""
"23522242","242535417","2025-11-06T21:26:32.451Z","GET","200","0371e038-df31-474d-a353-d430fca90f1e","NO_CATEGORY","/crm/objects/v3/companies","","","","API","",""
"23522242","242535417","2025-11-06T21:26:32.223Z","GET","200","1048263b-fe05-4986-bad1-d4a925df56ee","NO_CATEGORY","/crm/objects/v3/companies","","","","API","",""
"23522242","242535417","2025-11-06T21:26:31.995Z","GET","200","651d293a-c6a2-4c78-80e4-3ec4d952514e","NO_CATEGORY","/crm/objects/v3/companies","","","","API","",""
"23522242","242535417","2025-11-06T21:26:31.749Z","GET","200","5ff14ff8-555c-45f1-8c73-002d3f409680","NO_CATEGORY","/crm/objects/v3/companies","","","","API","",""
"23522242","242535417","2025-11-06T21:26:31.504Z","GET","200","e8723b89-ba6f-4067-a275-17a4123e9d05","NO_CATEGORY","/crm/objects/v3/companies","","","","API","",""
"23522242","242535417","2025-11-06T21:26:31.226Z","GET","200","8b89446e-f365-4c65-b3c6-ffdb553ef959","NO_CATEGORY","/crm/objects/v3/companies","","","","API","",""
"23522242","242535417","2025-11-06T21:26:30.988Z","GET","200","fedf2eb3-4369-40dd-b85d-79a5bbe8524b","NO_CATEGORY","/crm/objects/v3/companies","","","","API","",""
"23522242","242535417","2025-11-06T21:26:30.712Z","GET","200","fd995564-d8da-4b79-a8be-1699a74873fb","NO_CATEGORY","/crm/objects/v3/companies","","","","API","",""
"23522242","242535417","2025-11-06T21:26:30.468Z","GET","200","8a979c2d-0e19-44c6-bb3b-88a0a36d18f8","NO_CATEGORY","/crm/objects/v3/companies","","","","API","",""
"23522242","242535417","2025-11-06T21:26:30.217Z","GET","200","37a1c6bd-79ae-4a76-a827-d9f604d7c43f","NO_CATEGORY","/crm/objects/v3/companies","","","","API","",""
"23522242","242535417","2025-11-06T21:26:29.968Z","GET","200","d3a7c1f6-d052-42fb-af4a-c1cf9e578f0f","NO_CATEGORY","/crm/objects/v3/companies","","","","API","",""
"23522242","242535417","2025-11-06T21:26:29.722Z","GET","200","f7247e54-4a25-431b-a2af-4a56760eaf02","NO_CATEGORY","/crm/objects/v3/companies","","","","API","",""
"23522242","242535417","2025-11-06T21:26:29.483Z","GET","200","a5692009-c55a-4419-bf10-ae76885e06cf","NO_CATEGORY","/crm/objects/v3/companies","","","","API","",""
"23522242","242535417","2025-11-06T21:26:29.224Z","GET","200","3142df6b-1bbf-4681-8582-343255679656","NO_CATEGORY","/crm/objects/v3/companies","","","","API","",""
"23522242","242535417","2025-11-06T21:26:28.981Z","GET","200","8009fc70-2b45-4f0c-9922-c61ecdbc1aae","NO_CATEGORY","/crm/objects/v3/companies","","","","API","",""
"23522242","242535417","2025-11-06T21:24:27.498Z","GET","200","5ae6e225-28b1-49f6-addc-97f936f1969b","NO_CATEGORY","/crm/associations/v4/companies/contracts/labels","","","","API","",""
"23522242","242535417","2025-11-06T21:24:27.245Z","GET","200","c3db28e5-1b41-418b-bfee-62d019f9567f","NO_CATEGORY","/crm-object-schemas/v3/schemas/companies","","","","API","",""
"23522242","242535417","2025-11-06T21:24:27.202Z","GET","200","eaac8ea6-e340-4404-8d5c-ad6d895063ec","NO_CATEGORY","/crm-object-schemas/v3/schemas/contracts","","","","API","",""
"23522242","242535417","2025-11-06T21:24:26.860Z","GET","400","8d230a34-960e-40d5-98c5-c5c36b25f7d0","NO_CATEGORY","/crm/associations/v4/companies/assets/labels","","","4XX","API","","2600:1900:0:2d05:0:0:0:801"
"23522242","242535417","2025-11-06T21:24:26.645Z","GET","200","57a272bb-eb8d-404f-ad03-a61204658602","NO_CATEGORY","/crm-object-schemas/v3/schemas/companies","","","","API","",""
"23522242","242535417","2025-11-06T21:24:26.640Z","GET","400","6e94af9a-a7ff-496a-8aff-066caa22470e","NO_CATEGORY","/crm-object-schemas/v3/schemas/assets","","","4XX","API","","2600:1900:0:2d05:0:0:0:801"
"23522242","242535417","2025-11-06T21:24:26.287Z","GET","400","958c3994-8768-49ef-a0cb-47886fca6196","NO_CATEGORY","/crm/associations/v4/companies/check_ins/labels","","","4XX","API","","2600:1900:0:2d05:0:0:0:801"
"23522242","242535417","2025-11-06T21:24:26.050Z","GET","200","b6d2d7cd-43c1-487b-bb5f-158ece1ed1dc","NO_CATEGORY","/crm-object-schemas/v3/schemas/companies","","","","API","",""
"23522242","242535417","2025-11-06T21:24:26.009Z","GET","400","6ef9ef1f-17bf-4267-84e7-346188bb39e9","NO_CATEGORY","/crm-object-schemas/v3/schemas/check_ins","","","4XX","API","","2600:1900:0:2d05:0:0:0:801"
"23522242","242535417","2025-11-06T21:24:25.697Z","GET","400","3943702d-c111-49c0-a3bf-4a825f95ba75","NO_CATEGORY","/crm/associations/v4/companies/quote_products/labels","","","4XX","API","","2600:1900:0:2d05:0:0:0:801"
"23522242","242535417","2025-11-06T21:24:25.519Z","GET","400","077dc656-3125-43ba-be96-6d3c84443ad4","NO_CATEGORY","/crm-object-schemas/v3/schemas/quote_products","","","4XX","API","","2600:1900:0:2d05:0:0:0:801"
"23522242","242535417","2025-11-06T21:24:25.446Z","GET","200","425669f2-0861-494c-9f8c-63b17aeda26a","NO_CATEGORY","/crm-object-schemas/v3/schemas/companies","","","","API","",""
"23522242","242535417","2025-11-06T21:24:25.302Z","GET","400","a16b79c2-9ae5-45f7-a01c-fe10ad1f84d4","NO_CATEGORY","/crm/associations/v4/companies/assets/labels","","","4XX","API","","2600:1900:0:2d05:0:0:0:801"
"23522242","242535417","2025-11-06T21:24:25.120Z","GET","400","7d079d47-6176-44b2-a738-51475f91e6c4","NO_CATEGORY","/crm-object-schemas/v3/schemas/assets","","","4XX","API","","2600:1900:0:2d05:0:0:0:801"
"23522242","242535417","2025-11-06T21:24:25.078Z","GET","200","bb4d23b9-295c-4eae-8e3b-5961001bb6ba","NO_CATEGORY","/crm-object-schemas/v3/schemas/companies","","","","API","",""
"23522242","242535417","2025-11-06T21:24:24.752Z","GET","400","7b25d94d-584a-44d7-b4ed-c03ac34e9b12","NO_CATEGORY","/crm/associations/v4/companies/check_ins/labels","","","4XX","API","","2600:1900:0:2d05:0:0:0:801"
"23522242","242535417","2025-11-06T21:24:24.558Z","GET","400","9186e3f9-0284-42ae-a32e-df40af5620ff","NO_CATEGORY","/crm-object-schemas/v3/schemas/check_ins","","","4XX","API","","2600:1900:0:2d05:0:0:0:801"
"23522242","242535417","2025-11-06T21:24:24.426Z","GET","200","bafe5baf-487b-42b7-b55d-d0c618e5cb3e","NO_CATEGORY","/crm-object-schemas/v3/schemas/companies","","","","API","",""
"23522242","242535417","2025-11-06T21:24:24.057Z","GET","400","2804577c-fae0-4cc2-a196-a899401b92e3","NO_CATEGORY","/crm/associations/v4/companies/quote_products/labels","","","4XX","API","","2600:1900:0:2d05:0:0:0:801"
"23522242","242535417","2025-11-06T21:24:23.848Z","GET","200","95a24dd2-0a26-4804-b6f5-bd63a4e11df1","NO_CATEGORY","/crm-object-schemas/v3/schemas/companies","","","","API","",""
"23522242","242535417","2025-11-06T21:24:23.763Z","GET","400","260b4e96-9897-4d3f-bb1e-0515566e0f3d","NO_CATEGORY","/crm-object-schemas/v3/schemas/quote_products","","","4XX","API","","2600:1900:0:2d05:0:0:0:801"
"23522242","242535417","2025-11-06T21:24:17.480Z","GET","400","e5638eb6-25a0-47e7-b0ce-83cb5111d426","NO_CATEGORY","/crm/associations/v4/companies/check_ins/labels","","","4XX","API","","2600:1900:0:2d05:0:0:0:801"
"23522242","242535417","2025-11-06T21:24:17.210Z","GET","200","e314a459-3945-44e1-b031-175b18030a4d","NO_CATEGORY","/crm-object-schemas/v3/schemas/companies","","","","API","",""
"23522242","242535417","2025-11-06T21:24:17.208Z","GET","400","da1f66c1-0ee4-4d91-bb87-67f1d60209ff","NO_CATEGORY","/crm-object-schemas/v3/schemas/check_ins","","","4XX","API","","2600:1900:0:2d05:0:0:0:801"
"23522242","242535417","2025-11-06T21:24:16.846Z","GET","400","d47eb9c3-8f42-4247-8f2d-d88de6ca68eb","NO_CATEGORY","/crm/associations/v4/companies/quote_products/labels","","","4XX","API","","2600:1900:0:2d05:0:0:0:801"
"23522242","242535417","2025-11-06T21:24:16.601Z","GET","200","28d37b44-fbc0-452d-aa86-bb22dcd3281c","NO_CATEGORY","/crm-object-schemas/v3/schemas/companies","","","","API","",""
"23522242","242535417","2025-11-06T21:24:16.563Z","GET","400","70b0c113-0a9d-4768-bd5c-7d604cf50bcc","NO_CATEGORY","/crm-object-schemas/v3/schemas/quote_products","","","4XX","API","","2600:1900:0:2d05:0:0:0:801"
"23522242","242535417","2025-11-06T21:24:13.421Z","GET","400","2b9436f7-6306-44b4-b805-c12f3a36fc65","NO_CATEGORY","/crm/associations/v4/companies/quote_products/labels","","","4XX","API","","2600:1900:0:2d05:0:0:0:801"
"23522242","242535417","2025-11-06T21:24:13.120Z","GET","200","6df1664f-c685-475c-9022-f2bcaa67daef","NO_CATEGORY","/crm-object-schemas/v3/schemas/companies","","","","API","",""
"23522242","242535417","2025-11-06T21:24:13.110Z","GET","400","07bb185f-0ae7-4238-991a-5c0e7a915368","NO_CATEGORY","/crm-object-schemas/v3/schemas/quote_products","","","4XX","API","","2600:1900:0:2d05:0:0:0:801"
"23522242","242535417","2025-11-06T21:24:02.676Z","GET","200","f1cec72b-2967-4ea2-a0f6-d5a1c1ccf888","NO_CATEGORY","/crm/associations/v4/contacts/companies/labels","","","","API","",""
"23522242","242535417","2025-11-06T21:24:02.228Z","GET","200","56dcb447-7887-4d5d-b789-6201289d948e","NO_CATEGORY","/crm-object-schemas/v3/schemas/companies","","","","API","",""
"23522242","242535417","2025-11-06T21:24:02.223Z","GET","200","cb64ec86-4fad-4d13-8fbc-8934633b2eeb","NO_CATEGORY","/crm-object-schemas/v3/schemas/contacts","","","","API","",""
"23522242","242535417","2025-11-06T21:23:56.076Z","GET","400","3e0d612c-828f-439f-9906-660000339ab6","NO_CATEGORY","/crm/associations/v4/check_ins/companies/labels","","","4XX","API","","2600:1900:0:2d05:0:0:0:801"
"23522242","242535417","2025-11-06T21:23:55.849Z","GET","200","6733f676-a1fe-4dbf-bf84-e1e8e9ed79da","NO_CATEGORY","/crm-object-schemas/v3/schemas/companies","","","","API","",""
"23522242","242535417","2025-11-06T21:23:55.792Z","GET","400","14de7ac5-75e0-4705-b6fb-98799a7da9f2","NO_CATEGORY","/crm-object-schemas/v3/schemas/check_ins","","","4XX","API","","2600:1900:0:2d05:0:0:0:801"
"23522242","242535417","2025-11-06T21:23:32.915Z","POST","400","643c4b4a-3e6a-4e6d-b640-5da3c6d968e5","NO_CATEGORY","/crm/v3/associations/2-175854274/companies/batch/create","","","4XX","API","","34.83.14.38"
"23522242","242535417","2025-11-06T21:23:32.729Z","POST","201","22a58261-3638-40b2-8b6c-e9298dca00f6","NO_CATEGORY","/crm/objects/v3/2-175854274","","","","API","",""
"23522242","242535417","2025-11-06T21:23:31.227Z","POST","400","7c935d63-4ecf-4956-9307-f6f0b723d1db","NO_CATEGORY","/crm/v3/associations/2-175854274/companies/batch/create","","","4XX","API","","34.83.14.38"
"23522242","242535417","2025-11-06T21:23:31.002Z","POST","201","4666f78b-fe20-4465-9cc2-997a179cfa1b","NO_CATEGORY","/crm/objects/v3/2-175854274","","","","API","",""
"23522242","242535417","2025-11-06T21:22:14.577Z","GET","400","b9846fad-9145-43cf-8087-fe8a00c1b92d","NO_CATEGORY","/crm/associations/v4/check_ins/companies/labels","","","4XX","API","","2600:1900:0:2d05:0:0:0:801"
"23522242","242535417","2025-11-06T21:22:14.340Z","GET","200","2b82fb79-e8e0-45d6-8039-5fadad2c06a0","NO_CATEGORY","/crm-object-schemas/v3/schemas/companies","","","","API","",""
"23522242","242535417","2025-11-06T21:22:14.282Z","GET","400","500bbfd2-d57d-4b8a-9773-c93885eada7b","NO_CATEGORY","/crm-object-schemas/v3/schemas/check_ins","","","4XX","API","","2600:1900:0:2d05:0:0:0:801"
"23522242","242535417","2025-11-06T21:22:05.200Z","GET","200","d26432aa-6eee-431e-9a6d-51839ce63a70","NO_CATEGORY","/crm-object-schemas/v3/schemas","","","","API","",""
"23522242","242535417","2025-11-06T21:21:56.430Z","GET","200","94983ac8-17f4-418e-a74d-d3fb08f2a7ef","NO_CATEGORY","/crm/objects/v3/companies","","","","API","",""
"23522242","242535417","2025-11-06T21:21:56.211Z","GET","200","57cfad79-98ec-46de-b110-dd8de1f04e5f","NO_CATEGORY","/crm/objects/v3/companies","","","","API","",""
"23522242","242535417","2025-11-06T21:21:55.973Z","GET","200","174b3849-bb00-4788-999c-7a2b4c0de465","NO_CATEGORY","/crm/objects/v3/companies","","","","API","",""
"23522242","242535417","2025-11-06T21:21:55.609Z","GET","200","4f49f60e-8a00-45ba-82e7-d47a7fb22d7d","NO_CATEGORY","/crm/objects/v3/companies","","","","API","",""
"23522242","242535417","2025-11-06T21:21:55.345Z","GET","200","bf0bc1f3-0089-46d4-92b6-9a302b0ce654","NO_CATEGORY","/crm/objects/v3/companies","","","","API","",""
"23522242","242535417","2025-11-06T21:21:55.004Z","GET","200","14142a28-a493-4567-9af7-76db186c2867","NO_CATEGORY","/crm/objects/v3/companies","","","","API","",""
"23522242","242535417","2025-11-06T21:21:54.679Z","GET","200","79f3dd67-2695-42e2-b469-78f820371b7e","NO_CATEGORY","/crm/objects/v3/companies","","","","API","",""
"23522242","242535417","2025-11-06T21:21:54.433Z","GET","200","76e4c418-dd92-4fff-806c-2ec6a641f1b4","NO_CATEGORY","/crm/objects/v3/companies","","","","API","",""
"23522242","242535417","2025-11-06T21:21:54.190Z","GET","200","a896cfa8-082a-47a6-9b8e-225030514d70","NO_CATEGORY","/crm/objects/v3/companies","","","","API","",""
"23522242","242535417","2025-11-06T21:21:53.903Z","GET","200","5a5c1eb9-48cb-4631-84b5-3dd06b4d28c8","NO_CATEGORY","/crm/objects/v3/companies","","","","API","",""
"23522242","242535417","2025-11-06T21:21:53.665Z","GET","200","c1a7f3bb-f83e-4136-98a8-efe5c4f1cef7","NO_CATEGORY","/crm/objects/v3/companies","","","","API","",""
"23522242","242535417","2025-11-06T21:21:53.433Z","GET","200","eea90ac3-656b-4ade-be73-42430c62ce90","NO_CATEGORY","/crm/objects/v3/companies","","","","API","",""
"23522242","242535417","2025-11-06T21:21:53.205Z","GET","200","16470a87-f4b8-4f14-b069-d1fbcc8e7d15","NO_CATEGORY","/crm/objects/v3/companies","","","","API","",""
"23522242","242535417","2025-11-06T21:21:52.960Z","GET","200","15e51b5b-41ce-4396-887a-794db35c1098","NO_CATEGORY","/crm/objects/v3/companies","","","","API","",""
"23522242","242535417","2025-11-06T21:21:52.717Z","GET","200","6deab7a4-cf3d-41c6-bac5-7a2465baa1de","NO_CATEGORY","/crm/objects/v3/companies","","","","API","",""
"23522242","242535417","2025-11-06T21:21:52.466Z","GET","200","d05591dd-8840-40b1-accf-00ea6beb92ac","NO_CATEGORY","/crm/objects/v3/companies","","","","API","",""
"23522242","242535417","2025-11-06T21:21:52.203Z","GET","200","ddad06a5-d463-4eab-82fb-a4d2b4547c6e","NO_CATEGORY","/crm/objects/v3/companies","","","","API","",""
"23522242","242535417","2025-11-06T21:21:51.875Z","GET","200","e4216613-c52d-4d10-aeb1-97740138b677","NO_CATEGORY","/crm/objects/v3/companies","","","","API","",""
"23522242","242535417","2025-11-06T21:20:36.033Z","POST","400","43e7e8fa-ee33-4db3-aa99-69aea56440cf","NO_CATEGORY","/crm/v3/associations/check_ins/companies/batch/create","","","4XX","API","","34.83.14.38"
"23522242","242535417","2025-11-06T21:20:35.844Z","POST","201","2a354c39-1846-4e39-a201-d1e2bce779cc","NO_CATEGORY","/crm/objects/v3/2-175854274","","","","API","",""
"23522242","242535417","2025-11-06T21:20:34.513Z","POST","400","5c249dd8-8287-44db-8492-bbf8f08ddd8e","NO_CATEGORY","/crm/v3/associations/check_ins/companies/batch/create","","","4XX","API","","34.83.14.38"
"23522242","242535417","2025-11-06T21:20:34.304Z","POST","201","0bb2f56c-1b88-4773-a098-b2e356e17855","NO_CATEGORY","/crm/objects/v3/2-175854274","","","","API","",""
"23522242","242535417","2025-11-06T21:20:21.758Z","GET","200","77dab087-d450-4e8e-a4b9-adc0b213bfd2","NO_CATEGORY","/crm/objects/v3/companies","","","","API","",""
"23522242","242535417","2025-11-06T21:20:21.543Z","GET","200","dc8115d0-5709-4811-b025-28ce2ac26464","NO_CATEGORY","/crm/objects/v3/companies","","","","API","",""
"23522242","242535417","2025-11-06T21:20:21.274Z","GET","200","ed87946f-87bc-446f-bd37-169943d3afae","NO_CATEGORY","/crm/objects/v3/companies","","","","API","",""
"23522242","242535417","2025-11-06T21:20:21.040Z","GET","200","40505a33-9fe7-4265-b194-adfe3254706b","NO_CATEGORY","/crm/objects/v3/companies","","","","API","",""
"23522242","242535417","2025-11-06T21:20:20.802Z","GET","200","4396dfa8-e8cc-4265-931b-cdd59a2d5317","NO_CATEGORY","/crm/objects/v3/companies","","","","API","",""
"23522242","242535417","2025-11-06T21:20:20.552Z","GET","200","a4010772-89f8-4ef4-a682-db034125dd19","NO_CATEGORY","/crm/objects/v3/companies","","","","API","",""
"23522242","242535417","2025-11-06T21:20:20.304Z","GET","200","4e9e2e22-1958-4610-ae90-28fa12d62018","NO_CATEGORY","/crm/objects/v3/companies","","","","API","",""
"23522242","242535417","2025-11-06T21:20:19.853Z","GET","200","58ec4372-41b6-44cd-8199-9ba2b92455e7","NO_CATEGORY","/crm/objects/v3/companies","","","","API","",""
"23522242","242535417","2025-11-06T21:20:19.591Z","GET","200","44e6df3c-6970-4f91-82c3-c045719def76","NO_CATEGORY","/crm/objects/v3/companies","","","","API","",""
"23522242","242535417","2025-11-06T21:20:19.339Z","GET","200","bdf63076-83ff-45b3-99fb-c157681dd869","NO_CATEGORY","/crm/objects/v3/companies","","","","API","",""
"23522242","242535417","2025-11-06T21:20:19.050Z","GET","200","cc1e6e4c-7180-4510-a66a-55cc63097f36","NO_CATEGORY","/crm/objects/v3/companies","","","","API","",""
"23522242","242535417","2025-11-06T21:20:18.707Z","GET","200","1d28cfd1-1620-4dfe-9014-8a9e563b76ca","NO_CATEGORY","/crm/objects/v3/companies","","","","API","",""
"23522242","242535417","2025-11-06T21:20:18.446Z","GET","200","03aa037b-8a07-4839-bab2-ab2b1d69a0a1","NO_CATEGORY","/crm/objects/v3/companies","","","","API","",""
"23522242","242535417","2025-11-06T21:20:18.199Z","GET","200","ce22c492-2170-45ee-a3af-d7214223ad49","NO_CATEGORY","/crm/objects/v3/companies","","","","API","",""
"23522242","242535417","2025-11-06T21:20:17.940Z","GET","200","220fcae8-2dd7-41bf-9d3f-e7ac1db02d49","NO_CATEGORY","/crm/objects/v3/companies","","","","API","",""
"23522242","242535417","2025-11-06T21:20:17.533Z","GET","200","d1a50e6f-7527-4a05-8851-1a33200b36b8","NO_CATEGORY","/crm/objects/v3/companies","","","","API","",""
"23522242","242535417","2025-11-06T21:20:17.222Z","GET","200","08d52fc3-478a-48fe-8569-35452fbca2f4","NO_CATEGORY","/crm/objects/v3/companies","","","","API","",""
"23522242","242535417","2025-11-06T21:20:16.897Z","GET","200","6181df43-ace1-4b12-a132-d859feadca98","NO_CATEGORY","/crm/objects/v3/companies","","","","API","",""
"23522242","242535417","2025-11-06T21:18:21.775Z","PUT","400","3263d1cf-a05d-496e-8e63-ce742d5c801c","NO_CATEGORY","/crm/objects/v4/2-175854274/200441704152/associations/companies/209076165355","","","4XX","API","","34.83.14.38"
"23522242","242535417","2025-11-06T21:18:21.407Z","POST","201","d7cd2d22-5eb4-4bd7-9a4d-7295faf6d9f8","NO_CATEGORY","/crm/objects/v3/2-175854274","","","","API","",""
"23522242","242535417","2025-11-06T21:18:20.369Z","PUT","400","8d38fa8b-bc01-4c3c-b880-4ddb606c81f6","NO_CATEGORY","/crm/objects/v4/2-175854274/200474192604/associations/companies/demo-9","","","4XX","API","","34.83.14.38"
"23522242","242535417","2025-11-06T21:18:20.053Z","POST","201","05620bfd-828c-445a-913a-af53ec509183","NO_CATEGORY","/crm/objects/v3/2-175854274","","","","API","",""
"23522242","242535417","2025-11-06T21:17:39.168Z","GET","200","41f6d212-029f-41b7-a161-e95c1f028c17","NO_CATEGORY","/crm/objects/v3/companies","","","","API","",""
"23522242","242535417","2025-11-06T21:17:38.948Z","GET","200","10aa1583-5d35-4739-81a5-1b3eb8d2f463","NO_CATEGORY","/crm/objects/v3/companies","","","","API","",""
"23522242","242535417","2025-11-06T21:17:38.701Z","GET","200","c668e629-3c6b-4796-820c-c1e68f0b1e54","NO_CATEGORY","/crm/objects/v3/companies","","","","API","",""
"23522242","242535417","2025-11-06T21:17:38.444Z","GET","200","37cb2eeb-1be9-45f0-831b-17d9d8c1679a","NO_CATEGORY","/crm/objects/v3/companies","","","","API","",""
"23522242","242535417","2025-11-06T21:17:38.174Z","GET","200","4879cc83-f508-4e9d-bdac-b90bd5695880","NO_CATEGORY","/crm/objects/v3/companies","","","","API","",""
"23522242","242535417","2025-11-06T21:17:37.941Z","GET","200","d9c773c7-131e-484b-9f3f-439c3fca5945","NO_CATEGORY","/crm/objects/v3/companies","","","","API","",""
"23522242","242535417","2025-11-06T21:17:37.717Z","GET","200","11d3a4df-a890-48f7-892c-1fbbe141957d","NO_CATEGORY","/crm/objects/v3/companies","","","","API","",""
"23522242","242535417","2025-11-06T21:17:37.481Z","GET","200","fbd3c019-3287-4090-b008-35d41d2187c1","NO_CATEGORY","/crm/objects/v3/companies","","","","API","",""
"23522242","242535417","2025-11-06T21:17:37.233Z","GET","200","cda55a91-53ec-4fc5-9395-dcfd5c42fba0","NO_CATEGORY","/crm/objects/v3/companies","","","","API","",""
"23522242","242535417","2025-11-06T21:17:37.002Z","GET","200","12057704-766c-455c-935b-52e3306cc890","NO_CATEGORY","/crm/objects/v3/companies","","","","API","",""
"23522242","242535417","2025-11-06T21:17:36.703Z","GET","200","5ce6c7ef-c0c5-498e-a479-442d31543335","NO_CATEGORY","/crm/objects/v3/companies","","","","API","",""
"23522242","242535417","2025-11-06T21:17:36.437Z","GET","200","c0594c3d-341c-482a-af1c-f48397e8efc9","NO_CATEGORY","/crm/objects/v3/companies","","","","API","",""
"23522242","242535417","2025-11-06T21:17:36.196Z","GET","200","dc40b24d-c670-446f-89c7-413f14e469cd","NO_CATEGORY","/crm/objects/v3/companies","","","","API","",""
"23522242","242535417","2025-11-06T21:17:35.952Z","GET","200","6e031e5e-5f91-4f69-be3e-21921c4727f2","NO_CATEGORY","/crm/objects/v3/companies","","","","API","",""
"23522242","242535417","2025-11-06T21:17:35.697Z","GET","200","a4d1747f-3d53-469f-ba30-45127970cba1","NO_CATEGORY","/crm/objects/v3/companies","","","","API","",""
"23522242","242535417","2025-11-06T21:17:35.416Z","GET","200","070e7681-ffb0-441a-a42f-86710d0c0203","NO_CATEGORY","/crm/objects/v3/companies","","","","API","",""
"23522242","242535417","2025-11-06T21:17:35.163Z","GET","200","ac347c42-92d2-4c63-9389-88cac84bd331","NO_CATEGORY","/crm/objects/v3/companies","","","","API","",""
"23522242","242535417","2025-11-06T21:17:34.900Z","GET","200","fbcc9191-8ea0-4494-a68b-bc086d65b443","NO_CATEGORY","/crm/objects/v3/companies","","","","API","",""
"23522242","242535417","2025-11-06T21:17:01.274Z","GET","200","fbe1656a-c8a3-4aef-90b8-d02320ade5d0","NO_CATEGORY","/crm/objects/v3/companies","","","","API","",""
"23522242","242535417","2025-11-06T21:17:01.039Z","GET","200","7913ebcd-3516-4aa5-ba38-eba2644f07c1","NO_CATEGORY","/crm/objects/v3/companies","","","","API","",""
"23522242","242535417","2025-11-06T21:17:00.758Z","GET","200","d51211bf-f306-4127-a329-9fb43aa8ad2e","NO_CATEGORY","/crm/objects/v3/companies","","","","API","",""
"23522242","242535417","2025-11-06T21:17:00.525Z","GET","200","aa44a68c-54a7-415b-85c4-e2bb68db8836","NO_CATEGORY","/crm/objects/v3/companies","","","","API","",""
"23522242","242535417","2025-11-06T21:17:00.279Z","GET","200","6dadec75-33ec-4b65-a773-d5c95eb1d541","NO_CATEGORY","/crm/objects/v3/companies","","","","API","",""
"23522242","242535417","2025-11-06T21:17:00.045Z","GET","200","02bd8a24-52e9-4e72-8c6a-10a186835e6f","NO_CATEGORY","/crm/objects/v3/companies","","","","API","",""
"23522242","242535417","2025-11-06T21:16:59.797Z","GET","200","20cf2906-0a5d-435c-b9ed-61e6faf4df70","NO_CATEGORY","/crm/objects/v3/companies","","","","API","",""
"23522242","242535417","2025-11-06T21:16:59.553Z","GET","200","d68417f1-c87b-4dd1-966d-4dc77622cc1c","NO_CATEGORY","/crm/objects/v3/companies","","","","API","",""
"23522242","242535417","2025-11-06T21:16:59.303Z","GET","200","37695ac2-9354-4ab8-b2dd-2d51da74c876","NO_CATEGORY","/crm/objects/v3/companies","","","","API","",""
"23522242","242535417","2025-11-06T21:16:59.049Z","GET","200","14e4b15d-6a56-426c-b400-cd2f1f9b9833","NO_CATEGORY","/crm/objects/v3/companies","","","","API","",""
"23522242","242535417","2025-11-06T21:13:54.517Z","POST","200","f80928d7-f577-4109-9369-f062d77efbfa","NO_CATEGORY","/crm/v3/associations/2-175854274/companies/batch/create","","","","API","",""
"23522242","242535417","2025-11-06T21:13:54.275Z","POST","201","59d5394e-0a02-4255-9603-8a49bd1dba64","NO_CATEGORY","/crm/objects/v3/2-175854274","","","","API","",""
"23522242","242535417","2025-11-06T21:13:53.113Z","POST","200","143cc1bc-1815-4637-ab13-25af7677ac4e","NO_CATEGORY","/crm/v3/associations/2-175854274/companies/batch/create","","","","API","",""
"23522242","242535417","2025-11-06T21:13:52.804Z","POST","201","caed2f12-848a-41c5-9740-82f59d66657e","NO_CATEGORY","/crm/objects/v3/2-175854274","","","","API","",""
"23522242","242535417","2025-11-06T21:13:50.080Z","GET","200","2f6b7297-a1ba-4791-85c7-8f296d232d44","NO_CATEGORY","/crm/objects/v3/companies","","","","API","",""
"23522242","242535417","2025-11-06T21:13:49.852Z","GET","200","81ceb6f7-76be-49e9-96b6-268b62b371a5","NO_CATEGORY","/crm/objects/v3/companies","","","","API","",""
"23522242","242535417","2025-11-06T21:13:49.611Z","GET","200","32778bb7-e683-4c03-a780-10e8db8bd875","NO_CATEGORY","/crm/objects/v3/companies","","","","API","",""
"23522242","242535417","2025-11-06T21:13:49.262Z","GET","200","72f769dd-8e5a-48f8-bb37-c46af8db07bd","NO_CATEGORY","/crm/objects/v3/companies","","","","API","",""
"23522242","242535417","2025-11-06T21:13:49.025Z","GET","200","356dedc8-6d7d-4871-93ac-82fd8a8681a2","NO_CATEGORY","/crm/objects/v3/companies","","","","API","",""
"23522242","242535417","2025-11-06T21:13:48.769Z","GET","200","b0c4b3a3-8be0-4260-b1b8-f929da4770f8","NO_CATEGORY","/crm/objects/v3/companies","","","","API","",""
"23522242","242535417","2025-11-06T21:13:48.532Z","GET","200","b04bc085-3508-4370-8657-5b501584811f","NO_CATEGORY","/crm/objects/v3/companies","","","","API","",""
"23522242","242535417","2025-11-06T21:13:48.292Z","GET","200","c166899a-475c-4281-9c1c-ebe52613d20a","NO_CATEGORY","/crm/objects/v3/companies","","","","API","",""
"23522242","242535417","2025-11-06T21:13:48.057Z","GET","200","c6cd7696-02e4-4927-a034-eae4c08f93b1","NO_CATEGORY","/crm/objects/v3/companies","","","","API","",""
"23522242","242535417","2025-11-06T21:13:47.784Z","GET","200","08d714ed-ea89-4e86-ad8d-3aa4ff870868","NO_CATEGORY","/crm/objects/v3/companies","","","","API","",""
"23522242","242535417","2025-11-06T21:13:47.533Z","GET","200","00faa68b-38fd-4309-9520-5bd2ccd707dd","NO_CATEGORY","/crm/objects/v3/companies","","","","API","",""
"23522242","242535417","2025-11-06T21:13:47.267Z","GET","200","20ab3799-d483-4d41-8a36-3bd3e4050faf","NO_CATEGORY","/crm/objects/v3/companies","","","","API","",""
"23522242","242535417","2025-11-06T21:13:47.032Z","GET","200","e59ff2f8-9b5e-4658-80ba-b3268eddcb9d","NO_CATEGORY","/crm/objects/v3/companies","","","","API","",""
"23522242","242535417","2025-11-06T21:13:46.772Z","GET","200","ac9bdb3a-31b9-4675-948f-6ee27d8ff4fa","NO_CATEGORY","/crm/objects/v3/companies","","","","API","",""
"23522242","242535417","2025-11-06T21:13:46.541Z","GET","200","8af2650b-a921-454b-a6e0-b75ec3a14815","NO_CATEGORY","/crm/objects/v3/companies","","","","API","",""
"23522242","242535417","2025-11-06T21:13:46.295Z","GET","200","7ebeed7f-a789-4dec-9619-c297e6e64600","NO_CATEGORY","/crm/objects/v3/companies","","","","API","",""
"23522242","242535417","2025-11-06T21:13:46.033Z","GET","200","f5f14a9a-1a97-4607-ba92-8acb23a946ee","NO_CATEGORY","/crm/objects/v3/companies","","","","API","",""
"23522242","242535417","2025-11-06T21:13:45.659Z","GET","200","e4871856-aff4-4592-a6d0-e4c4234172f4","NO_CATEGORY","/crm/objects/v3/companies","","","","API","",""
"23522242","242535417","2025-11-06T21:12:21.823Z","POST","400","11bceccb-a40c-43e4-9378-b07a96fe33a5","NO_CATEGORY","/crm/objects/v3/2-175854274","","","4XX","API","","34.83.14.38"
"23522242","242535417","2025-11-06T21:12:19.883Z","POST","400","ca003f0c-7ef5-4dd1-b9fc-ad6f81334368","NO_CATEGORY","/crm/objects/v3/2-175854274","","","4XX","API","","34.83.14.38"
"23522242","242535417","2025-11-06T21:12:17.526Z","POST","400","26610c84-b547-441d-9680-6c26327e42a2","NO_CATEGORY","/crm/objects/v3/2-175854274","","","4XX","API","","34.83.14.38"
"23522242","242535417","2025-11-06T21:05:20.691Z","GET","200","5d4e8fd2-61ee-483d-9990-22e8d3b5a3d9","NO_CATEGORY","/crm/objects/v3/companies","","","","API","",""
"23522242","242535417","2025-11-06T21:05:20.445Z","GET","200","5d51bdb3-019a-4cb3-8f34-7e389f9de13e","NO_CATEGORY","/crm/objects/v3/companies","","","","API","",""
"23522242","242535417","2025-11-06T21:05:20.175Z","GET","200","d169367c-b792-4322-b453-fbab47eb54c1","NO_CATEGORY","/crm/objects/v3/companies","","","","API","",""
"23522242","242535417","2025-11-06T21:05:19.935Z","GET","200","130b69b3-89d7-461e-b7c7-e65ca9a24f2f","NO_CATEGORY","/crm/objects/v3/companies","","","","API","",""
"23522242","242535417","2025-11-06T21:05:19.661Z","GET","200","43f630ec-2db7-4466-bd9e-da0d5a57dcfc","NO_CATEGORY","/crm/objects/v3/companies","","","","API","",""
"23522242","242535417","2025-11-06T21:05:19.411Z","GET","200","3774fc18-bf80-4e82-ac59-fbcb02766909","NO_CATEGORY","/crm/objects/v3/companies","","","","API","",""
"23522242","242535417","2025-11-06T21:05:19.155Z","GET","200","214e2e3a-fe45-4f03-a41a-982d9aae724d","NO_CATEGORY","/crm/objects/v3/companies","","","","API","",""
"23522242","242535417","2025-11-06T21:05:18.892Z","GET","200","11f151e6-f266-4317-bcf0-7c9156a74cb2","NO_CATEGORY","/crm/objects/v3/companies","","","","API","",""
"23522242","242535417","2025-11-06T21:05:18.655Z","GET","200","1a59e36d-6570-44b1-9fc1-cc35cbe4afc9","NO_CATEGORY","/crm/objects/v3/companies","","","","API","",""
"23522242","242535417","2025-11-06T21:05:18.421Z","GET","200","25a4c37b-6e48-4101-8e19-7e7bbfefdb28","NO_CATEGORY","/crm/objects/v3/companies","","","","API","",""
"23522242","242535417","2025-11-06T21:05:18.146Z","GET","200","81ad318a-5370-4964-8d20-318adf654a21","NO_CATEGORY","/crm/objects/v3/companies","","","","API","",""
"23522242","242535417","2025-11-06T21:05:17.895Z","GET","200","42c434f7-84b1-46d6-b292-1855567b95eb","NO_CATEGORY","/crm/objects/v3/companies","","","","API","",""
"23522242","242535417","2025-11-06T21:05:17.652Z","GET","200","a248fb0c-b49c-4427-ac77-7fa9c385cccd","NO_CATEGORY","/crm/objects/v3/companies","","","","API","",""
"23522242","242535417","2025-11-06T21:05:17.395Z","GET","200","6522fb91-1f57-4b49-a02e-e652b83275f0","NO_CATEGORY","/crm/objects/v3/companies","","","","API","",""
"23522242","242535417","2025-11-06T21:05:17.151Z","GET","200","8346e16d-dff2-4427-88d4-c36a4147169c","NO_CATEGORY","/crm/objects/v3/companies","","","","API","",""
"23522242","242535417","2025-11-06T21:05:16.909Z","GET","200","14e73538-b2ba-4e8f-96d4-005283fab26f","NO_CATEGORY","/crm/objects/v3/companies","","","","API","",""
"23522242","242535417","2025-11-06T21:05:16.644Z","GET","200","9a69f101-59d9-4ac1-a046-c18216b098bb","NO_CATEGORY","/crm/objects/v3/companies","","","","API","",""
"23522242","242535417","2025-11-06T21:05:16.253Z","GET","200","de5a57d6-19bd-4b93-a926-3e9eabe1d166","NO_CATEGORY","/crm/objects/v3/companies","","","","API","",""
"23522242","242535417","2025-11-06T20:50:20.392Z","GET","200","c73d20ec-6e03-4c4e-b064-83ff11d64b79","NO_CATEGORY","/crm/objects/v3/companies","","","","API","",""
"23522242","242535417","2025-11-06T20:50:20.169Z","GET","200","5de289fe-146e-4118-9886-c28818ab0cfc","NO_CATEGORY","/crm/objects/v3/companies","","","","API","",""
"23522242","242535417","2025-11-06T20:50:19.904Z","GET","200","0cfde3bb-8b20-41be-80cb-d5b8f405bd0a","NO_CATEGORY","/crm/objects/v3/companies","","","","API","",""
"23522242","242535417","2025-11-06T20:50:19.665Z","GET","200","bcc0c8b7-d5d5-46d6-b54d-09f489f4c7b8","NO_CATEGORY","/crm/objects/v3/companies","","","","API","",""
"23522242","242535417","2025-11-06T20:50:19.440Z","GET","200","6d7788fe-11ff-49ef-b422-e09bd481f114","NO_CATEGORY","/crm/objects/v3/companies","","","","API","",""
"23522242","242535417","2025-11-06T20:50:19.214Z","GET","200","cbdf0518-0ac7-4617-b2b1-c5624832cba9","NO_CATEGORY","/crm/objects/v3/companies","","","","API","",""
"23522242","242535417","2025-11-06T20:50:18.972Z","GET","200","441af80d-4731-4039-b3af-9f03a691a363","NO_CATEGORY","/crm/objects/v3/companies","","","","API","",""
"23522242","242535417","2025-11-06T20:50:18.717Z","GET","200","b2d0fc69-5e1a-497a-8e52-95e2c8de50a0","NO_CATEGORY","/crm/objects/v3/companies","","","","API","",""
"23522242","242535417","2025-11-06T20:50:18.420Z","GET","200","c1b82a6a-f54d-4436-969a-c57713bb1105","NO_CATEGORY","/crm/objects/v3/companies","","","","API","",""
"23522242","242535417","2025-11-06T20:50:18.180Z","GET","200","bb799896-4638-42cb-8ccb-3f1a92abc39e","NO_CATEGORY","/crm/objects/v3/companies","","","","API","",""
"23522242","242535417","2025-11-06T20:50:17.946Z","GET","200","cb240544-74e5-4857-99d3-1ad3cbfdec12","NO_CATEGORY","/crm/objects/v3/companies","","","","API","",""
"23522242","242535417","2025-11-06T20:50:17.712Z","GET","200","b6f03676-973b-48d8-a85a-15ce2feecb32","NO_CATEGORY","/crm/objects/v3/companies","","","","API","",""
"23522242","242535417","2025-11-06T20:50:17.465Z","GET","200","49d069de-19ac-444e-b334-c4c630ec5ddd","NO_CATEGORY","/crm/objects/v3/companies","","","","API","",""
"23522242","242535417","2025-11-06T20:50:17.215Z","GET","200","a407a641-72f3-4d0b-92e0-c6235284d4bb","NO_CATEGORY","/crm/objects/v3/companies","","","","API","",""
"23522242","242535417","2025-11-06T20:50:16.968Z","GET","200","2d6a8c54-5274-436b-a479-1806bbaff69a","NO_CATEGORY","/crm/objects/v3/companies","","","","API","",""
"23522242","242535417","2025-11-06T20:50:16.720Z","GET","200","72b81737-434d-49c2-80c0-2c869132ac5b","NO_CATEGORY","/crm/objects/v3/companies","","","","API","",""
"23522242","242535417","2025-11-06T20:50:16.471Z","GET","200","069c87ff-4e0c-4f7e-b3d1-2995c77b81bb","NO_CATEGORY","/crm/objects/v3/companies","","","","API","",""
"23522242","242535417","2025-11-06T20:50:16.212Z","GET","200","7a40c483-2b5b-49ac-85f1-8b5cbe5358b9","NO_CATEGORY","/crm/objects/v3/companies","","","","API","",""
"23522242","242535417","2025-11-06T20:35:20.373Z","GET","200","fc99a483-220e-44ae-bfc3-8a455bc54fab","NO_CATEGORY","/crm/objects/v3/companies","","","","API","",""
"23522242","242535417","2025-11-06T20:35:20.152Z","GET","200","07669fdf-d63b-4d98-a19f-8f84c51cf2b9","NO_CATEGORY","/crm/objects/v3/companies","","","","API","",""
"23522242","242535417","2025-11-06T20:35:19.926Z","GET","200","fc25c5bb-90a3-4369-ab23-917c43ae6359","NO_CATEGORY","/crm/objects/v3/companies","","","","API","",""
"23522242","242535417","2025-11-06T20:35:19.681Z","GET","200","6b2befaa-92c4-4f78-9b78-468ba2729150","NO_CATEGORY","/crm/objects/v3/companies","","","","API","",""
"23522242","242535417","2025-11-06T20:35:19.450Z","GET","200","4292cdcf-f83c-4b37-8e9e-800f3c7136a4","NO_CATEGORY","/crm/objects/v3/companies","","","","API","",""
"23522242","242535417","2025-11-06T20:35:19.199Z","GET","200","a94ecf5b-e477-48ee-adde-1d2ad568a3a0","NO_CATEGORY","/crm/objects/v3/companies","","","","API","",""
"23522242","242535417","2025-11-06T20:35:18.953Z","GET","200","0de1a4a0-ecd6-475f-9482-53e4921f70fc","NO_CATEGORY","/crm/objects/v3/companies","","","","API","",""
"23522242","242535417","2025-11-06T20:35:18.718Z","GET","200","9e221a75-0d9e-49d9-a4ad-e443e45ce440","NO_CATEGORY","/crm/objects/v3/companies","","","","API","",""
"23522242","242535417","2025-11-06T20:35:18.475Z","GET","200","92165cf5-2a01-42ac-ac4e-cb2a0d2c5f3a","NO_CATEGORY","/crm/objects/v3/companies","","","","API","",""
"23522242","242535417","2025-11-06T20:35:18.236Z","GET","200","0405c7cc-97b3-439b-b7fa-2b18a14e410c","NO_CATEGORY","/crm/objects/v3/companies","","","","API","",""
"23522242","242535417","2025-11-06T20:35:17.953Z","GET","200","45112cd8-51e9-42ea-a4fb-1fead8a8bfcd","NO_CATEGORY","/crm/objects/v3/companies","","","","API","",""
"23522242","242535417","2025-11-06T20:35:17.716Z","GET","200","8d561e4f-038c-4335-8d90-a2c908d88bfa","NO_CATEGORY","/crm/objects/v3/companies","","","","API","",""
"23522242","242535417","2025-11-06T20:35:17.471Z","GET","200","413fff94-92c2-4cbc-a6d1-0686f7952f4c","NO_CATEGORY","/crm/objects/v3/companies","","","","API","",""
"23522242","242535417","2025-11-06T20:35:17.236Z","GET","200","71917055-7b67-4981-85af-abec951bee8a","NO_CATEGORY","/crm/objects/v3/companies","","","","API","",""
"23522242","242535417","2025-11-06T20:35:16.990Z","GET","200","ae15a3e9-40f1-4e12-bdf9-8ba680d2fc8a","NO_CATEGORY","/crm/objects/v3/companies","","","","API","",""
"23522242","242535417","2025-11-06T20:35:16.726Z","GET","200","5d57c809-5b61-4a31-ad2d-867ff5e66ee8","NO_CATEGORY","/crm/objects/v3/companies","","","","API","",""
"23522242","242535417","2025-11-06T20:35:16.484Z","GET","200","b8367026-f974-4401-941b-80ae25c610a6","NO_CATEGORY","/crm/objects/v3/companies","","","","API","",""
"23522242","242535417","2025-11-06T20:35:16.197Z","GET","200","b0087a5d-8b72-48b2-acd6-c782070ddc44","NO_CATEGORY","/crm/objects/v3/companies","","","","API","",""
"23522242","242535417","2025-11-06T20:20:50.883Z","GET","200","45555d12-289c-441e-b183-a7e84dd77a99","NO_CATEGORY","/crm/objects/v3/companies","","","","API","",""
"23522242","242535417","2025-11-06T20:20:50.645Z","GET","200","d2cfc7a0-1cce-418d-afa8-ff10601c9e84","NO_CATEGORY","/crm/objects/v3/companies","","","","API","",""
"23522242","242535417","2025-11-06T20:20:50.377Z","GET","200","b539374a-b837-473c-96af-e58954a06a85","NO_CATEGORY","/crm/objects/v3/companies","","","","API","",""
"23522242","242535417","2025-11-06T20:20:50.001Z","GET","200","1c77d246-57c4-4518-8c16-efcf431da7dd","NO_CATEGORY","/crm/objects/v3/companies","","","","API","",""
"23522242","242535417","2025-11-06T20:20:49.693Z","GET","200","d35c0caf-31fd-4412-ad7a-61baaaffe212","NO_CATEGORY","/crm/objects/v3/companies","","","","API","",""
"23522242","242535417","2025-11-06T20:20:49.421Z","GET","200","51496289-89d6-4091-ae81-d8e722a899b3","NO_CATEGORY","/crm/objects/v3/companies","","","","API","",""
"23522242","242535417","2025-11-06T20:20:49.172Z","GET","200","047b4492-e41f-43c9-b8a9-3466d529ad1a","NO_CATEGORY","/crm/objects/v3/companies","","","","API","",""
"23522242","242535417","2025-11-06T20:20:48.934Z","GET","200","5f7955b3-af48-4142-94ce-221217b2f681","NO_CATEGORY","/crm/objects/v3/companies","","","","API","",""
"23522242","242535417","2025-11-06T20:20:48.688Z","GET","200","22b54e6e-61fe-4214-9480-7c156f60f0e5","NO_CATEGORY","/crm/objects/v3/companies","","","","API","",""
"23522242","242535417","2025-11-06T20:20:48.433Z","GET","200","ab3f7269-3767-403c-9f26-60fb002a8a9d","NO_CATEGORY","/crm/objects/v3/companies","","","","API","",""
"23522242","242535417","2025-11-06T20:20:48.136Z","GET","200","619279ba-4d46-4d18-ae75-e2a0d3dc4f84","NO_CATEGORY","/crm/objects/v3/companies","","","","API","",""
"23522242","242535417","2025-11-06T20:20:47.879Z","GET","200","2c834a11-0702-415e-bb8f-3514f1858c8d","NO_CATEGORY","/crm/objects/v3/companies","","","","API","",""
"23522242","242535417","2025-11-06T20:20:47.629Z","GET","200","8a45ed05-2367-4873-9b77-b27d5d6a2388","NO_CATEGORY","/crm/objects/v3/companies","","","","API","",""
"23522242","242535417","2025-11-06T20:20:47.368Z","GET","200","dc63955c-0012-4d53-801a-5e1badb679fd","NO_CATEGORY","/crm/objects/v3/companies","","","","API","",""
"23522242","242535417","2025-11-06T20:20:47.098Z","GET","200","92d10a55-421f-4798-82de-5ee17306b1c0","NO_CATEGORY","/crm/objects/v3/companies","","","","API","",""
"23522242","242535417","2025-11-06T20:20:46.844Z","GET","200","19b85fe6-db0d-496c-bcfd-cecef7a03e53","NO_CATEGORY","/crm/objects/v3/companies","","","","API","",""
"23522242","242535417","2025-11-06T20:20:46.568Z","GET","200","2824807b-04e4-427d-ba70-33020a344226","NO_CATEGORY","/crm/objects/v3/companies","","","","API","",""
"23522242","242535417","2025-11-06T20:20:46.290Z","GET","200","7f48bbd1-3d25-44d2-86b9-0869eda35b82","NO_CATEGORY","/crm/objects/v3/companies","","","","API","",""
"23522242","242535417","2025-11-06T20:13:13.422Z","GET","200","a1eb1ae1-6704-4fe4-9a5d-2c7a0fe01404","NO_CATEGORY","/crm/objects/v3/companies","","","","API","",""
"23522242","242535417","2025-11-06T20:13:13.195Z","GET","200","43f650e0-ca4d-428b-b84b-e566d3e8d3db","NO_CATEGORY","/crm/objects/v3/companies","","","","API","",""
"23522242","242535417","2025-11-06T20:13:12.971Z","GET","200","bed730bd-4b49-40a0-8668-71beb0c1c2b0","NO_CATEGORY","/crm/objects/v3/companies","","","","API","",""
"23522242","242535417","2025-11-06T20:13:12.723Z","GET","200","685c3734-6b9c-4516-8dc8-321d426bd505","NO_CATEGORY","/crm/objects/v3/companies","","","","API","",""
"23522242","242535417","2025-11-06T20:13:12.489Z","GET","200","aabb7705-cba9-485e-aa76-d3926748cc87","NO_CATEGORY","/crm/objects/v3/companies","","","","API","",""
"23522242","242535417","2025-11-06T20:13:12.210Z","GET","200","b90acc42-86eb-45d0-a739-8f180bc413af","NO_CATEGORY","/crm/objects/v3/companies","","","","API","",""
"23522242","242535417","2025-11-06T20:13:11.963Z","GET","200","adb1bb7b-634a-42f4-ba58-1d1ce12ee6e2","NO_CATEGORY","/crm/objects/v3/companies","","","","API","",""
"23522242","242535417","2025-11-06T20:13:11.703Z","GET","200","597077db-7f23-40c5-9bd5-1984dc25b852","NO_CATEGORY","/crm/objects/v3/companies","","","","API","",""
"23522242","242535417","2025-11-06T20:13:11.309Z","GET","200","1e92fb36-f7b6-42c5-b48f-7aa94580bf2d","NO_CATEGORY","/crm/objects/v3/companies","","","","API","",""
"23522242","242535417","2025-11-06T20:13:11.060Z","GET","200","55ab2cec-2ec1-4583-9018-0ef1aba029bc","NO_CATEGORY","/crm/objects/v3/companies","","","","API","",""
"23522242","242535417","2025-11-06T20:13:10.820Z","GET","200","cd986b0d-19ef-4504-95fd-b7bedeafeb23","NO_CATEGORY","/crm/objects/v3/companies","","","","API","",""
"23522242","242535417","2025-11-06T20:13:10.537Z","GET","200","6fefc577-ff71-4d1a-9723-c37eafba7ce3","NO_CATEGORY","/crm/objects/v3/companies","","","","API","",""
"23522242","242535417","2025-11-06T20:13:10.287Z","GET","200","979a742c-8283-46dc-ab17-0eb140d2f4e2","NO_CATEGORY","/crm/objects/v3/companies","","","","API","",""
"23522242","242535417","2025-11-06T20:13:10.024Z","GET","200","a554d20d-f68e-4897-b424-f31a0dc32c37","NO_CATEGORY","/crm/objects/v3/companies","","","","API","",""
"23522242","242535417","2025-11-06T20:13:09.792Z","GET","200","ab6cc562-2adf-4265-9b1a-cda5de6a2743","NO_CATEGORY","/crm/objects/v3/companies","","","","API","",""
"23522242","242535417","2025-11-06T20:13:09.374Z","GET","200","30df52f9-8075-4aa7-857c-417235f8fe90","NO_CATEGORY","/crm/objects/v3/companies","","","","API","",""
"23522242","242535417","2025-11-06T20:13:09.121Z","GET","200","7e66e653-9590-45da-9780-b0e96787fd46","NO_CATEGORY","/crm/objects/v3/companies","","","","API","",""
"23522242","242535417","2025-11-06T20:13:08.847Z","GET","200","b29f26e2-6964-445a-be85-b81bdc05a3d0","NO_CATEGORY","/crm/objects/v3/companies","","","","API","",""
"23522242","242535417","2025-11-06T20:08:26.115Z","GET","200","d45aefc4-c931-428b-bb87-931350d3cf6f","NO_CATEGORY","/crm/objects/v3/companies","","","","API","",""
"23522242","242535417","2025-11-06T20:08:25.805Z","GET","200","45ba50d1-4a50-4b21-9641-96f53c60b63b","NO_CATEGORY","/crm/objects/v3/companies","","","","API","",""
"23522242","242535417","2025-11-06T20:08:25.473Z","GET","200","7ac203b6-306a-472e-a69b-c803ec25783d","NO_CATEGORY","/crm/objects/v3/companies","","","","API","",""
"23522242","242535417","2025-11-06T20:08:25.148Z","GET","200","63948d23-3156-4435-a515-e9e6d8a6d417","NO_CATEGORY","/crm/objects/v3/companies","","","","API","",""
"23522242","242535417","2025-11-06T20:08:24.895Z","GET","200","84199b51-d41b-44c5-85e2-7957c37e7869","NO_CATEGORY","/crm/objects/v3/companies","","","","API","",""
"23522242","242535417","2025-11-06T20:08:24.655Z","GET","200","047691a9-586f-4eda-bdcf-b18b62410bce","NO_CATEGORY","/crm/objects/v3/companies","","","","API","",""
"23522242","242535417","2025-11-06T20:08:24.429Z","GET","200","bb3cb98a-e634-49dc-b4ee-0f48dd667bac","NO_CATEGORY","/crm/objects/v3/companies","","","","API","",""
"23522242","242535417","2025-11-06T20:08:24.193Z","GET","200","e94103f2-2314-43ec-b6fb-01dffeccc2d5","NO_CATEGORY","/crm/objects/v3/companies","","","","API","",""
"23522242","242535417","2025-11-06T20:08:23.947Z","GET","200","ce0960c5-cd9a-48da-af63-a5795a8a76dc","NO_CATEGORY","/crm/objects/v3/companies","","","","API","",""
"23522242","242535417","2025-11-06T20:08:23.702Z","GET","200","70c6f3d8-1fa2-4910-b297-eb362da2c954","NO_CATEGORY","/crm/objects/v3/companies","","","","API","",""
"23522242","242535417","2025-11-06T20:08:23.453Z","GET","200","8df8e6b4-af25-4c49-a885-73f940ffbdba","NO_CATEGORY","/crm/objects/v3/companies","","","","API","",""
"23522242","242535417","2025-11-06T20:08:23.218Z","GET","200","8bfcb2de-ead4-409c-93c5-22e6130a0b47","NO_CATEGORY","/crm/objects/v3/companies","","","","API","",""
"23522242","242535417","2025-11-06T20:08:22.984Z","GET","200","f07c899e-ac04-45c5-9629-a4f2aa3d280f","NO_CATEGORY","/crm/objects/v3/companies","","","","API","",""
"23522242","242535417","2025-11-06T20:08:22.751Z","GET","200","8bee818f-8824-4271-9a86-72ecc1d70a66","NO_CATEGORY","/crm/objects/v3/companies","","","","API","",""
"23522242","242535417","2025-11-06T20:08:22.515Z","GET","200","34d433c4-aac7-44f5-a2c1-3d3a69b10bbd","NO_CATEGORY","/crm/objects/v3/companies","","","","API","",""
"23522242","242535417","2025-11-06T20:08:22.275Z","GET","200","33859fb0-3fa6-4c9d-a49a-7f73beb4959f","NO_CATEGORY","/crm/objects/v3/companies","","","","API","",""
"23522242","242535417","2025-11-06T20:08:21.999Z","GET","200","014edbba-e366-47ca-b5fc-9f677b03ccde","NO_CATEGORY","/crm/objects/v3/companies","","","","API","",""
"23522242","242535417","2025-11-06T20:08:21.755Z","GET","200","488fe45e-a48c-4127-84f9-ed5761ec788a","NO_CATEGORY","/crm/objects/v3/companies","","","","API","",""
"23522242","242535417","2025-11-06T20:06:48.461Z","GET","200","c2b2e3a9-2d65-4f70-9438-88860150da50","NO_CATEGORY","/crm/objects/v3/companies","","","","API","",""
"23522242","242535417","2025-11-06T20:06:48.246Z","GET","200","70b81461-7d54-413e-8bd6-d92acf7a27ef","NO_CATEGORY","/crm/objects/v3/companies","","","","API","",""
"23522242","242535417","2025-11-06T20:06:48.015Z","GET","200","a368b8e5-9807-419f-9c07-85e51bb83013","NO_CATEGORY","/crm/objects/v3/companies","","","","API","",""
"23522242","242535417","2025-11-06T20:06:47.769Z","GET","200","bb6bb4ea-c639-4c4f-bc30-bb82ad3df8c1","NO_CATEGORY","/crm/objects/v3/companies","","","","API","",""
"23522242","242535417","2025-11-06T20:06:47.543Z","GET","200","bef82fc1-a142-4740-9e37-c5a612508ec4","NO_CATEGORY","/crm/objects/v3/companies","","","","API","",""
"23522242","242535417","2025-11-06T20:06:47.302Z","GET","200","d436ac7b-2105-4ae1-8a69-c05636c32bed","NO_CATEGORY","/crm/objects/v3/companies","","","","API","",""
"23522242","242535417","2025-11-06T20:06:47.062Z","GET","200","d0a1e9c8-d7e8-4b34-897b-8ecf83082fa1","NO_CATEGORY","/crm/objects/v3/companies","","","","API","",""
"23522242","242535417","2025-11-06T20:06:46.819Z","GET","200","d1f668f6-b407-4510-8340-f09a11c94435","NO_CATEGORY","/crm/objects/v3/companies","","","","API","",""
"23522242","242535417","2025-11-06T20:06:46.578Z","GET","200","6f4890b4-f413-4864-8cb7-4d7198a77bae","NO_CATEGORY","/crm/objects/v3/companies","","","","API","",""
"23522242","242535417","2025-11-06T20:06:46.342Z","GET","200","a9a51a7a-d246-4064-be64-fe35f564f434","NO_CATEGORY","/crm/objects/v3/companies","","","","API","",""
"23522242","242535417","2025-11-06T20:06:46.089Z","GET","200","4b35d9d0-12d8-43f7-beac-dfe7f123a08b","NO_CATEGORY","/crm/objects/v3/companies","","","","API","",""
"23522242","242535417","2025-11-06T20:06:45.850Z","GET","200","0c0d465d-0bb6-4e71-a48f-94f1acde3767","NO_CATEGORY","/crm/objects/v3/companies","","","","API","",""
"23522242","242535417","2025-11-06T20:06:45.619Z","GET","200","1e3e1da8-c914-4e6e-a34c-28fc3dd960a0","NO_CATEGORY","/crm/objects/v3/companies","","","","API","",""
"23522242","242535417","2025-11-06T20:06:45.386Z","GET","200","e1d95eb4-7d83-4747-8a08-e99797534e16","NO_CATEGORY","/crm/objects/v3/companies","","","","API","",""
"23522242","242535417","2025-11-06T20:06:45.125Z","GET","200","f4ce9eb2-5f85-4fb8-8fc7-aeb83cb73c8a","NO_CATEGORY","/crm/objects/v3/companies","","","","API","",""
"23522242","242535417","2025-11-06T20:06:44.872Z","GET","200","6d530e1e-9a5e-429c-983b-ed48ce03a2d7","NO_CATEGORY","/crm/objects/v3/companies","","","","API","",""
"23522242","242535417","2025-11-06T20:06:44.639Z","GET","200","532dc8dc-ff52-481b-8c44-e67e78d2c649","NO_CATEGORY","/crm/objects/v3/companies","","","","API","",""
"23522242","242535417","2025-11-06T20:06:44.373Z","GET","200","a3774698-240e-44c8-9a5e-1bbaf7a34fc4","NO_CATEGORY","/crm/objects/v3/companies","","","","API","",""
"23522242","242535417","2025-11-06T20:01:27.266Z","GET","200","8e5399f5-cb1c-4696-a39d-292381adaa44","NO_CATEGORY","/crm/objects/v3/companies","","","","API","",""
"23522242","242535417","2025-11-06T20:01:27.040Z","GET","200","80a4adce-5488-4205-b7b8-f3a5ec905414","NO_CATEGORY","/crm/objects/v3/companies","","","","API","",""
"23522242","242535417","2025-11-06T20:01:26.813Z","GET","200","a520bde1-7619-4c0b-a6ce-727a610a3d31","NO_CATEGORY","/crm/objects/v3/companies","","","","API","",""
"23522242","242535417","2025-11-06T20:01:26.568Z","GET","200","f00484c5-7525-4a00-b2b5-27e7952f5c4f","NO_CATEGORY","/crm/objects/v3/companies","","","","API","",""
"23522242","242535417","2025-11-06T20:01:26.287Z","GET","200","4a6b370d-d398-4212-a23b-3570fb55353e","NO_CATEGORY","/crm/objects/v3/companies","","","","API","",""
"23522242","242535417","2025-11-06T20:01:26.008Z","GET","200","10f01b5e-6559-40cb-9700-f3bf9d0a3faf","NO_CATEGORY","/crm/objects/v3/companies","","","","API","",""
"23522242","242535417","2025-11-06T20:01:25.779Z","GET","200","59303727-67ac-4292-a922-e900429a537f","NO_CATEGORY","/crm/objects/v3/companies","","","","API","",""
"23522242","242535417","2025-11-06T20:01:25.431Z","GET","200","4a5ca7ef-c0d0-4297-ba98-be21dac123c8","NO_CATEGORY","/crm/objects/v3/companies","","","","API","",""
"23522242","242535417","2025-11-06T20:01:25.168Z","GET","200","9e2a7862-ac1e-4b53-a910-fee430833a01","NO_CATEGORY","/crm/objects/v3/companies","","","","API","",""
"23522242","242535417","2025-11-06T20:01:24.875Z","GET","200","7d7372f5-1ee5-4ba8-916f-eecaedd1f465","NO_CATEGORY","/crm/objects/v3/companies","","","","API","",""
"23522242","242535417","2025-11-06T20:01:24.638Z","GET","200","31fc0b68-43a7-4790-b050-26c4203e30c9","NO_CATEGORY","/crm/objects/v3/companies","","","","API","",""
"23522242","242535417","2025-11-06T20:01:24.361Z","GET","200","fa6a1025-4890-4294-a55f-de0d648be23b","NO_CATEGORY","/crm/objects/v3/companies","","","","API","",""
"23522242","242535417","2025-11-06T20:01:24.116Z","GET","200","d4667e3c-00d5-42be-9a30-c260587d90b5","NO_CATEGORY","/crm/objects/v3/companies","","","","API","",""
"23522242","242535417","2025-11-06T20:01:23.823Z","GET","200","6f0b0d23-7e82-4bf6-93f4-e3337e7f0bdf","NO_CATEGORY","/crm/objects/v3/companies","","","","API","",""
"23522242","242535417","2025-11-06T20:01:23.576Z","GET","200","a5bf9c62-db5e-4b88-9f0d-929ba307514f","NO_CATEGORY","/crm/objects/v3/companies","","","","API","",""
"23522242","242535417","2025-11-06T20:01:23.319Z","GET","200","63f26768-2ffd-4018-ac00-eea74dad1629","NO_CATEGORY","/crm/objects/v3/companies","","","","API","",""
"23522242","242535417","2025-11-06T20:01:23.029Z","GET","200","ac466e20-278f-4b9a-977f-48ce179d3311","NO_CATEGORY","/crm/objects/v3/companies","","","","API","",""
"23522242","242535417","2025-11-06T20:01:22.788Z","GET","200","ee01d175-04ac-407e-9d8d-2101d18e3dea","NO_CATEGORY","/crm/objects/v3/companies","","","","API","",""
"23522242","242535417","2025-11-06T20:01:20.442Z","GET","200","95db69f1-705f-437c-b716-31805109f909","NO_CATEGORY","/crm/objects/v3/companies","","","","API","",""
"23522242","242535417","2025-11-06T20:01:20.219Z","GET","200","4b7b1390-fd42-4944-9220-fe66b599103c","NO_CATEGORY","/crm/objects/v3/companies","","","","API","",""
"23522242","242535417","2025-11-06T20:01:19.919Z","GET","200","8e2763d8-ce02-4e91-861a-9afdda458ee1","NO_CATEGORY","/crm/objects/v3/companies","","","","API","",""
"23522242","242535417","2025-11-06T20:01:19.578Z","GET","200","bb606f02-d25a-4254-aa0e-feac4d8bcd17","NO_CATEGORY","/crm/objects/v3/companies","","","","API","",""
"23522242","242535417","2025-11-06T20:01:19.284Z","GET","200","1b962115-3530-4d19-870f-04d753330763","NO_CATEGORY","/crm/objects/v3/companies","","","","API","",""
"23522242","242535417","2025-11-06T20:01:18.992Z","GET","200","f7816468-2a22-4f67-92b2-698db728be41","NO_CATEGORY","/crm/objects/v3/companies","","","","API","",""
"23522242","242535417","2025-11-06T20:01:18.697Z","GET","200","a1855864-8960-4aa7-80fe-0cba622a62ee","NO_CATEGORY","/crm/objects/v3/companies","","","","API","",""
"23522242","242535417","2025-11-06T20:01:18.420Z","GET","200","41cce654-8a25-4917-85e2-3033ea4579a5","NO_CATEGORY","/crm/objects/v3/companies","","","","API","",""
"23522242","242535417","2025-11-06T20:01:18.139Z","GET","200","fee1fac9-708e-4606-bb42-c74e9c703c82","NO_CATEGORY","/crm/objects/v3/companies","","","","API","",""
"23522242","242535417","2025-11-06T20:01:17.885Z","GET","200","d684282f-455f-4a29-8843-c0c50d097154","NO_CATEGORY","/crm/objects/v3/companies","","","","API","",""
"23522242","242535417","2025-11-06T20:01:17.657Z","GET","200","7999b5db-8eb2-496f-8d74-753f7c58f08e","NO_CATEGORY","/crm/objects/v3/companies","","","","API","",""
"23522242","242535417","2025-11-06T20:01:17.415Z","GET","200","a016fb8d-a39e-4186-8352-89634eb8334e","NO_CATEGORY","/crm/objects/v3/companies","","","","API","",""
"23522242","242535417","2025-11-06T20:01:17.173Z","GET","200","a094b811-738b-4432-8db2-505a8be8fd47","NO_CATEGORY","/crm/objects/v3/companies","","","","API","",""
"23522242","242535417","2025-11-06T20:01:16.934Z","GET","200","dc00153d-9e3b-4715-b0e3-c9ddc506e0a2","NO_CATEGORY","/crm/objects/v3/companies","","","","API","",""
"23522242","242535417","2025-11-06T20:01:16.684Z","GET","200","6077563d-7c52-4eca-a055-6bb41575b594","NO_CATEGORY","/crm/objects/v3/companies","","","","API","",""
"23522242","242535417","2025-11-06T20:01:16.326Z","GET","200","c3bc061e-b507-4cec-b2af-7ea2f1491110","NO_CATEGORY","/crm/objects/v3/companies","","","","API","",""
"23522242","242535417","2025-11-06T20:01:16.081Z","GET","200","d3c646de-4125-44ce-8270-b1df64ae9bef","NO_CATEGORY","/crm/objects/v3/companies","","","","API","",""
"23522242","242535417","2025-11-06T20:01:15.631Z","GET","200","bae44160-5197-4a57-a4f6-3223c8bde52e","NO_CATEGORY","/crm/objects/v3/companies","","","","API","",""
"23522242","242535417","2025-11-06T19:58:02.251Z","GET","200","fced0849-16b9-49f3-999b-fb8d12be734e","NO_CATEGORY","/crm/objects/v3/companies","","","","API","",""
"23522242","242535417","2025-11-06T19:58:02.049Z","GET","200","2b38e147-01ea-497d-aa49-f2f85f257e4b","NO_CATEGORY","/crm/objects/v3/companies","","","","API","",""
"23522242","242535417","2025-11-06T19:58:01.808Z","GET","200","abd66e71-81d1-4da1-9973-221614767aa4","NO_CATEGORY","/crm/objects/v3/companies","","","","API","",""
"23522242","242535417","2025-11-06T19:58:01.578Z","GET","200","ddf106e0-2eeb-45ca-86c9-f982684d01fe","NO_CATEGORY","/crm/objects/v3/companies","","","","API","",""
"23522242","242535417","2025-11-06T19:58:01.327Z","GET","200","9529d76b-98b3-4db9-9a35-664dfe63073e","NO_CATEGORY","/crm/objects/v3/companies","","","","API","",""
"23522242","242535417","2025-11-06T19:58:01.089Z","GET","200","7aece5d1-3cc7-4186-b4a7-b9821888e069","NO_CATEGORY","/crm/objects/v3/companies","","","","API","",""
"23522242","242535417","2025-11-06T19:58:00.857Z","GET","200","556c7775-4c28-45d9-a881-7d7007e3040b","NO_CATEGORY","/crm/objects/v3/companies","","","","API","",""
"23522242","242535417","2025-11-06T19:58:00.587Z","GET","200","7115c379-85f7-413e-ad60-490a21ea4a06","NO_CATEGORY","/crm/objects/v3/companies","","","","API","",""
"23522242","242535417","2025-11-06T19:58:00.341Z","GET","200","727426bc-6e82-4708-a5d4-ba1d7cd76c30","NO_CATEGORY","/crm/objects/v3/companies","","","","API","",""
"23522242","242535417","2025-11-06T19:58:00.063Z","GET","200","3d018c20-f86b-4435-bbd5-6a75632438e3","NO_CATEGORY","/crm/objects/v3/companies","","","","API","",""
"23522242","242535417","2025-11-06T19:57:59.815Z","GET","200","c33a85ea-90fc-4d09-8401-6adafd9c2914","NO_CATEGORY","/crm/objects/v3/companies","","","","API","",""
"23522242","242535417","2025-11-06T19:57:59.575Z","GET","200","59c61da3-14eb-4e15-8329-064332dc5f12","NO_CATEGORY","/crm/objects/v3/companies","","","","API","",""
"23522242","242535417","2025-11-06T19:57:59.339Z","GET","200","14e50dc7-7514-43da-b797-3ac7b6625fff","NO_CATEGORY","/crm/objects/v3/companies","","","","API","",""
"23522242","242535417","2025-11-06T19:57:59.092Z","GET","200","8fe807ed-6f06-472d-aeca-55b892c02540","NO_CATEGORY","/crm/objects/v3/companies","","","","API","",""
"23522242","242535417","2025-11-06T19:57:58.827Z","GET","200","97bdac78-bc2c-4af5-8915-898cfed114e3","NO_CATEGORY","/crm/objects/v3/companies","","","","API","",""
"23522242","242535417","2025-11-06T19:57:58.553Z","GET","200","836de6ac-86e5-4f2b-aea8-fdadccac6d23","NO_CATEGORY","/crm/objects/v3/companies","","","","API","",""
"23522242","242535417","2025-11-06T19:57:58.314Z","GET","200","77e534d6-2d47-4c02-8451-b7a45f9bd217","NO_CATEGORY","/crm/objects/v3/companies","","","","API","",""
"23522242","242535417","2025-11-06T19:57:58.054Z","GET","200","bfcb0943-3938-4c75-8813-39081ffe2169","NO_CATEGORY","/crm/objects/v3/companies","","","","API","",""
